-- phpMyAdmin SQL Dump
-- version 4.4.15.1
-- http://www.phpmyadmin.net
--
-- Host: localhost
-- Generation Time: May 23, 2016 at 02:12 PM
-- Server version: 5.5.46
-- PHP Version: 5.4.45

SET SQL_MODE = "NO_AUTO_VALUE_ON_ZERO";
SET time_zone = "+00:00";


/*!40101 SET @OLD_CHARACTER_SET_CLIENT=@@CHARACTER_SET_CLIENT */;
/*!40101 SET @OLD_CHARACTER_SET_RESULTS=@@CHARACTER_SET_RESULTS */;
/*!40101 SET @OLD_COLLATION_CONNECTION=@@COLLATION_CONNECTION */;
/*!40101 SET NAMES utf8mb4 */;

--
-- Database: `admin_amtvportal`
--

-- --------------------------------------------------------

--
-- Table structure for table `doctor`
--

CREATE TABLE IF NOT EXISTS `doctor` (
  `id` int(11) unsigned NOT NULL,
  `id_practice` int(11) DEFAULT NULL,
  `image_logo` varchar(191) COLLATE utf8mb4_unicode_ci DEFAULT NULL,
  `title` varchar(191) COLLATE utf8mb4_unicode_ci DEFAULT NULL,
  `name` varchar(191) COLLATE utf8mb4_unicode_ci DEFAULT NULL,
  `occupation` varchar(191) COLLATE utf8mb4_unicode_ci DEFAULT NULL,
  `Isdisplay` tinyint(1) NOT NULL DEFAULT '0',
  `IdAllied` tinyint(1) NOT NULL DEFAULT '0'
) ENGINE=InnoDB AUTO_INCREMENT=51 DEFAULT CHARSET=utf8mb4 COLLATE=utf8mb4_unicode_ci;

--
-- Dumping data for table `doctor`
--

INSERT INTO `doctor` (`id`, `id_practice`, `image_logo`, `title`, `name`, `occupation`, `Isdisplay`, `IdAllied`) VALUES
(1, 1, 'doc_profile1.png', 'titletúngns', 'doctor1', '123123', 0, 0),
(2, 2, '564d9ed8ab306doc_profile2.png', 'Dr', 'James Lachlan', 'General Practioner', 1, 0),
(3, 2, '564d9fa6de33bdoc_profile1.png', 'Dr', 'Harry Mitchell', 'General Practioner', 1, 0),
(6, 6, '6 retail trends that will change how we shop in 2015.jpg', 'Dr', 'John Dow', 'Physio', 0, 0),
(7, 3, '55ae518a688a1doc_profile1.png', 'Dr', 'Rose Daley', 'Physio', 0, 0),
(8, 3, '55ae51e016674doc_profile3.png', 'Dr', 'Josh McRoberts', 'General Practioner', 0, 0),
(9, 2, '5667719147011doc_profile3.png', 'Prof', 'David Leary', 'Psychologist', 1, 0),
(10, 2, '', 'Physiotherapy', '', '', 0, 1),
(11, 2, '', '', 'Dietician', '', 0, 1),
(12, 2, '', '4', '4', '4', 0, 0),
(13, 2, '', '5', '5', '5', 0, 0),
(14, 2, '', '6', '6', '6', 0, 0),
(15, 2, '', '7', '7', '7', 0, 0),
(16, 2, '', '9', '9', '9', 0, 0),
(17, 2, '', '10', '10', '10', 0, 0),
(18, 2, '564da178eab275634eaec1f4ddKoala.jpg', 'Dr', 'Fred', 'General Practioner', 0, 0),
(19, 7, '', 'Dr', 'John Cosgriff', '', 1, 0),
(20, 7, '', 'Dr', 'Paul Schacher', '', 1, 0),
(21, 7, '', 'Dr', 'Mark Lenthen', '', 1, 0),
(22, 7, '', 'Dr', 'Lesley Peter', '', 1, 0),
(23, 7, '', 'Dr', 'Roza Wolska', '', 1, 0),
(24, 7, '', 'Dr', 'Sonja Blainey', '', 1, 0),
(25, 7, '', 'Dr', 'Loretta Rowan', '', 1, 0),
(26, 7, '', 'Dr', 'Sarah Chu', '', 1, 0),
(27, 7, '', '', 'Physiotherapy', '', 0, 1),
(28, 7, '', '', 'Dietician', '', 0, 1),
(29, 7, '', '', 'Podiatry', '', 0, 1),
(30, 7, '', '', 'Psychology', '', 0, 1),
(31, 7, '', 'Dr', 'Graham Chin', '', 1, 0),
(32, 7, '', 'Dr', 'Tim Shortus', '', 1, 0),
(33, 7, '', 'Dr', 'Joseph Grech', '', 1, 0),
(34, 7, '', 'Dr', 'Robert Way', '', 1, 0),
(35, 8, '', 'as', 'asdasdasd', '', 1, 0),
(36, 8, '', 'sd', 'asdasdasd', '', 1, 0),
(37, 8, '', 'sa', 'asdasdasda', '', 1, 0),
(38, 8, '', 'ss', 'asdasdasd', '', 1, 0),
(39, 8, '', 'ds', 'asdasd888', '', 1, 0),
(40, 8, '', 'ss', 'asdasdas', '', 1, 0),
(41, 8, '', 'asa', 'asdasaaaa', '', 1, 0),
(42, 8, '', 'aa', 'asdasddd', '', 1, 0),
(43, 8, '', 'as', 'asdasddd', '', 1, 0),
(44, 8, '', 'ss', 'aaaaaa', '', 1, 0),
(45, 8, '', 'dd', 'dddddd', '', 1, 0),
(46, 8, '', 'aaa', 'aaaaaa', '', 1, 0),
(47, 8, '', 'dd', 'dddd', '', 0, 1),
(48, 8, '', 'asd', 'ddasdad', '', 0, 1),
(49, 8, '', 'ddddd', 'dasdasd', '', 0, 1),
(50, 8, '', 'ss', 'asdasadassssss', '', 0, 1);

-- --------------------------------------------------------

--
-- Table structure for table `roster`
--

CREATE TABLE IF NOT EXISTS `roster` (
  `id` int(11) unsigned NOT NULL,
  `id_doctor` varchar(191) COLLATE utf8mb4_unicode_ci NOT NULL,
  `dt_roster` date DEFAULT NULL
) ENGINE=InnoDB AUTO_INCREMENT=1091 DEFAULT CHARSET=utf8mb4 COLLATE=utf8mb4_unicode_ci;

--
-- Dumping data for table `roster`
--

INSERT INTO `roster` (`id`, `id_doctor`, `dt_roster`) VALUES
(1, '1', '2015-07-19'),
(19, '1', '2015-07-16'),
(20, '1', '2015-07-24'),
(21, '1', '2015-07-22'),
(22, '1', '2015-07-23'),
(23, '1', '2015-08-18'),
(24, '1', '2016-01-27'),
(25, '1', '2015-07-17'),
(26, '1', '2015-07-25'),
(27, '1', '2015-06-23'),
(28, '1', '2015-06-24'),
(31, '2', '2015-07-20'),
(32, '3', '2015-07-15'),
(34, '3', '2015-07-16'),
(35, '3', '2015-07-20'),
(36, '3', '2015-07-21'),
(37, '3', '2015-07-24'),
(38, '3', '2015-07-25'),
(41, '6', '2015-07-15'),
(42, '6', '2015-07-16'),
(43, '6', '2015-07-17'),
(44, '6', '2015-07-24'),
(45, '6', '2015-07-23'),
(46, '6', '2015-07-30'),
(47, '6', '2015-07-22'),
(48, '2', '2015-07-23'),
(50, '7', '2015-07-22'),
(51, '7', '2015-07-23'),
(52, '7', '2015-07-24'),
(53, '7', '2015-07-27'),
(54, '7', '2015-07-28'),
(55, '8', '2015-07-24'),
(56, '8', '2015-07-25'),
(57, '8', '2015-07-26'),
(58, '8', '2015-07-27'),
(59, '2', '2015-07-25'),
(60, '2', '2015-07-26'),
(61, '2', '2015-07-27'),
(63, '2', '2015-11-02'),
(64, '2', '2015-11-03'),
(65, '2', '2015-11-01'),
(66, '3', '2015-11-01'),
(68, '3', '2015-11-02'),
(69, '3', '2015-11-04'),
(70, '3', '2015-11-03'),
(71, '2', '2015-11-12'),
(72, '2', '2015-11-13'),
(73, '2', '2015-11-03'),
(74, '2', '2015-11-14'),
(75, '2', '2015-11-21'),
(76, '2', '2015-11-27'),
(77, '2', '2015-11-28'),
(78, '2', '2015-11-30'),
(79, '2', '2015-11-05'),
(80, '2', '2015-11-19'),
(81, '19', '2015-11-27'),
(82, '2', '2015-12-09'),
(83, '2', '2015-12-10'),
(84, '2', '2015-12-11'),
(85, '2', '2015-12-14'),
(86, '2', '2015-12-15'),
(87, '9', '2015-12-09'),
(88, '9', '2015-12-11'),
(89, '9', '2015-12-12'),
(90, '9', '2015-12-13'),
(91, '31', '2016-01-26'),
(92, '19', '2016-01-27'),
(93, '20', '2016-01-27'),
(94, '23', '2016-01-27'),
(95, '30', '2016-01-27'),
(96, '29', '2016-01-27'),
(97, '31', '2016-01-27'),
(98, '24', '2016-01-27'),
(100, '22', '2016-01-27'),
(102, '32', '2016-01-27'),
(104, '32', '2016-01-29'),
(105, '19', '2016-01-28'),
(107, '20', '2016-01-29'),
(108, '21', '2016-01-28'),
(109, '21', '2016-01-29'),
(110, '22', '2016-01-28'),
(111, '22', '2016-01-29'),
(112, '23', '2016-01-28'),
(113, '24', '2016-01-28'),
(114, '30', '2016-01-28'),
(115, '34', '2016-01-29'),
(116, '33', '2016-01-30'),
(118, '32', '2016-02-01'),
(119, '32', '2016-02-02'),
(120, '32', '2016-02-03'),
(121, '32', '2016-02-05'),
(122, '19', '2016-02-01'),
(123, '19', '2016-02-05'),
(126, '19', '2016-02-03'),
(127, '20', '2016-02-02'),
(128, '20', '2016-02-03'),
(129, '20', '2016-02-05'),
(130, '21', '2016-02-01'),
(131, '21', '2016-02-02'),
(132, '21', '2016-02-03'),
(133, '21', '2016-02-04'),
(134, '21', '2016-02-05'),
(135, '22', '2016-02-01'),
(136, '22', '2016-02-02'),
(137, '22', '2016-02-03'),
(138, '22', '2016-02-04'),
(139, '22', '2016-02-05'),
(140, '23', '2016-02-01'),
(141, '23', '2016-02-02'),
(142, '23', '2016-02-03'),
(143, '23', '2016-02-04'),
(145, '23', '2016-02-08'),
(146, '23', '2016-02-09'),
(147, '23', '2016-02-10'),
(148, '23', '2016-02-11'),
(149, '24', '2016-02-01'),
(150, '24', '2016-02-02'),
(151, '24', '2016-02-03'),
(152, '24', '2016-02-04'),
(153, '25', '2016-02-01'),
(154, '25', '2016-02-04'),
(155, '25', '2016-02-05'),
(156, '25', '2016-02-08'),
(157, '25', '2016-02-11'),
(158, '25', '2016-02-12'),
(159, '25', '2016-02-06'),
(160, '25', '2016-02-15'),
(161, '25', '2016-02-18'),
(162, '25', '2016-02-19'),
(163, '25', '2016-02-20'),
(164, '25', '2016-02-22'),
(165, '25', '2016-02-25'),
(166, '25', '2016-02-26'),
(167, '32', '2016-02-08'),
(168, '32', '2016-02-09'),
(169, '32', '2016-02-10'),
(170, '32', '2016-02-12'),
(171, '26', '2016-02-01'),
(172, '26', '2016-02-02'),
(173, '26', '2016-02-03'),
(174, '26', '2016-02-07'),
(175, '26', '2016-02-14'),
(176, '26', '2016-02-21'),
(177, '26', '2016-02-28'),
(178, '33', '2016-02-01'),
(179, '33', '2016-02-02'),
(180, '33', '2016-02-04'),
(181, '34', '2016-02-01'),
(182, '34', '2016-02-05'),
(183, '19', '2016-01-29'),
(184, '20', '2016-01-31'),
(185, '19', '2016-02-02'),
(186, '29', '2016-02-03'),
(187, '29', '2016-02-10'),
(188, '29', '2016-02-17'),
(189, '29', '2016-02-24'),
(190, '30', '2016-02-04'),
(191, '30', '2016-02-11'),
(192, '30', '2016-02-18'),
(193, '30', '2016-02-25'),
(194, '30', '2016-02-05'),
(195, '30', '2016-02-19'),
(196, '30', '2016-02-06'),
(197, '30', '2016-02-13'),
(198, '33', '2016-02-03'),
(199, '34', '2016-02-08'),
(200, '34', '2016-02-12'),
(201, '19', '2016-02-04'),
(202, '19', '2016-02-08'),
(203, '19', '2016-02-09'),
(204, '19', '2016-02-10'),
(205, '19', '2016-02-11'),
(206, '19', '2016-02-12'),
(207, '19', '2016-02-15'),
(208, '19', '2016-02-16'),
(209, '19', '2016-02-17'),
(210, '19', '2016-02-18'),
(211, '19', '2016-02-19'),
(212, '19', '2016-02-22'),
(213, '19', '2016-02-23'),
(214, '19', '2016-02-24'),
(215, '19', '2016-02-25'),
(216, '19', '2016-02-26'),
(217, '19', '2016-02-29'),
(218, '20', '2016-02-09'),
(219, '20', '2016-02-10'),
(220, '20', '2016-02-12'),
(221, '20', '2016-02-16'),
(222, '20', '2016-02-17'),
(223, '20', '2016-02-19'),
(224, '20', '2016-02-23'),
(225, '20', '2016-02-24'),
(226, '20', '2016-02-26'),
(227, '21', '2016-02-08'),
(228, '21', '2016-02-09'),
(229, '21', '2016-02-11'),
(230, '21', '2016-02-12'),
(231, '21', '2016-02-15'),
(232, '21', '2016-02-16'),
(233, '21', '2016-02-18'),
(234, '21', '2016-02-19'),
(235, '21', '2016-02-22'),
(237, '21', '2016-02-17'),
(238, '21', '2016-02-25'),
(239, '21', '2016-02-26'),
(240, '22', '2016-02-08'),
(241, '22', '2016-02-09'),
(242, '22', '2016-02-10'),
(243, '22', '2016-02-11'),
(244, '22', '2016-02-12'),
(245, '22', '2016-02-15'),
(246, '22', '2016-02-16'),
(247, '22', '2016-02-17'),
(248, '22', '2016-02-18'),
(249, '22', '2016-02-19'),
(250, '22', '2016-02-22'),
(251, '22', '2016-02-23'),
(252, '22', '2016-02-24'),
(253, '22', '2016-02-25'),
(254, '22', '2016-02-26'),
(255, '23', '2016-02-15'),
(256, '23', '2016-02-16'),
(257, '23', '2016-02-17'),
(258, '23', '2016-02-18'),
(259, '23', '2016-02-22'),
(260, '23', '2016-02-23'),
(261, '23', '2016-02-24'),
(262, '23', '2016-02-25'),
(263, '24', '2016-02-08'),
(264, '24', '2016-02-09'),
(265, '24', '2016-02-10'),
(266, '24', '2016-02-11'),
(267, '24', '2016-02-15'),
(268, '24', '2016-02-16'),
(269, '24', '2016-02-17'),
(270, '24', '2016-02-18'),
(271, '24', '2016-02-22'),
(272, '24', '2016-02-23'),
(273, '24', '2016-02-24'),
(274, '24', '2016-02-25'),
(275, '25', '2016-02-29'),
(276, '26', '2016-02-08'),
(277, '26', '2016-02-09'),
(278, '26', '2016-02-10'),
(279, '26', '2016-02-15'),
(280, '26', '2016-02-16'),
(281, '26', '2016-02-17'),
(282, '33', '2016-02-08'),
(283, '33', '2016-02-09'),
(284, '33', '2016-02-10'),
(285, '33', '2016-02-11'),
(286, '30', '2016-02-10'),
(287, '31', '2016-02-11'),
(288, '31', '2016-02-12'),
(289, '31', '2016-02-15'),
(290, '31', '2016-02-16'),
(291, '31', '2016-02-17'),
(292, '31', '2016-02-18'),
(293, '31', '2016-02-19'),
(294, '31', '2016-02-22'),
(295, '31', '2016-02-23'),
(296, '31', '2016-02-24'),
(297, '31', '2016-02-25'),
(298, '31', '2016-02-26'),
(299, '25', '2016-02-13'),
(300, '32', '2016-02-15'),
(301, '32', '2016-02-16'),
(302, '32', '2016-02-17'),
(303, '32', '2016-02-19'),
(304, '32', '2016-02-22'),
(305, '32', '2016-02-23'),
(306, '32', '2016-02-24'),
(307, '32', '2016-02-26'),
(308, '33', '2016-02-15'),
(309, '33', '2016-02-16'),
(310, '33', '2016-02-17'),
(311, '33', '2016-02-18'),
(312, '33', '2016-02-22'),
(315, '33', '2016-02-25'),
(316, '34', '2016-02-15'),
(317, '34', '2016-02-19'),
(318, '34', '2016-02-22'),
(319, '34', '2016-02-26'),
(320, '34', '2016-02-29'),
(321, '23', '2016-02-20'),
(322, '30', '2016-02-20'),
(323, '26', '2016-02-22'),
(324, '26', '2016-02-23'),
(325, '26', '2016-02-24'),
(326, '27', '2016-02-23'),
(327, '27', '2016-02-25'),
(328, '27', '2016-02-26'),
(329, '28', '2016-02-23'),
(331, '28', '2016-02-25'),
(332, '32', '2016-02-29'),
(333, '21', '2016-02-29'),
(334, '22', '2016-02-29'),
(335, '31', '2016-02-29'),
(336, '24', '2016-02-29'),
(337, '33', '2016-02-29'),
(338, '23', '2016-02-29'),
(339, '19', '2016-03-01'),
(340, '19', '2016-03-02'),
(341, '19', '2016-03-03'),
(342, '19', '2016-03-04'),
(343, '19', '2016-03-07'),
(344, '19', '2016-03-08'),
(345, '19', '2016-03-09'),
(346, '19', '2016-03-10'),
(347, '19', '2016-03-11'),
(348, '19', '2016-03-14'),
(349, '19', '2016-03-15'),
(350, '19', '2016-03-16'),
(351, '19', '2016-03-17'),
(352, '19', '2016-03-18'),
(353, '19', '2016-03-21'),
(354, '19', '2016-03-22'),
(355, '19', '2016-03-23'),
(356, '19', '2016-03-24'),
(358, '19', '2016-03-28'),
(359, '19', '2016-03-29'),
(360, '19', '2016-03-30'),
(361, '19', '2016-03-31'),
(362, '20', '2016-03-01'),
(363, '20', '2016-03-08'),
(364, '20', '2016-03-15'),
(365, '20', '2016-03-22'),
(366, '20', '2016-03-29'),
(367, '20', '2016-03-02'),
(368, '20', '2016-03-04'),
(369, '20', '2016-03-09'),
(370, '20', '2016-03-11'),
(371, '20', '2016-03-16'),
(372, '20', '2016-03-18'),
(373, '20', '2016-03-23'),
(375, '20', '2016-03-30'),
(376, '21', '2016-03-01'),
(377, '21', '2016-03-02'),
(378, '21', '2016-03-03'),
(379, '21', '2016-03-04'),
(380, '21', '2016-03-07'),
(381, '21', '2016-03-08'),
(383, '21', '2016-03-10'),
(384, '21', '2016-03-11'),
(385, '21', '2016-03-14'),
(386, '21', '2016-03-15'),
(387, '21', '2016-03-16'),
(388, '21', '2016-03-17'),
(389, '21', '2016-03-18'),
(390, '21', '2016-03-21'),
(391, '21', '2016-03-22'),
(392, '21', '2016-03-24'),
(394, '21', '2016-03-28'),
(395, '21', '2016-03-29'),
(396, '21', '2016-03-30'),
(397, '21', '2016-03-31'),
(398, '21', '2016-03-12'),
(399, '21', '2016-03-26'),
(400, '22', '2016-03-01'),
(401, '22', '2016-03-02'),
(402, '22', '2016-03-03'),
(403, '22', '2016-03-04'),
(404, '22', '2016-03-07'),
(405, '22', '2016-03-08'),
(406, '22', '2016-03-09'),
(407, '22', '2016-03-10'),
(408, '22', '2016-03-11'),
(409, '22', '2016-03-14'),
(410, '22', '2016-03-15'),
(411, '22', '2016-03-16'),
(412, '22', '2016-03-17'),
(413, '22', '2016-03-18'),
(414, '22', '2016-03-21'),
(415, '22', '2016-03-22'),
(416, '22', '2016-03-23'),
(417, '22', '2016-03-24'),
(419, '22', '2016-03-28'),
(420, '22', '2016-03-29'),
(421, '22', '2016-03-30'),
(422, '22', '2016-03-31'),
(423, '23', '2016-03-01'),
(424, '23', '2016-03-02'),
(425, '23', '2016-03-03'),
(426, '23', '2016-03-07'),
(427, '23', '2016-03-14'),
(429, '23', '2016-03-28'),
(430, '23', '2016-03-08'),
(431, '23', '2016-03-15'),
(432, '23', '2016-03-16'),
(433, '23', '2016-03-09'),
(434, '23', '2016-03-10'),
(435, '23', '2016-03-17'),
(436, '23', '2016-03-22'),
(437, '23', '2016-03-29'),
(438, '23', '2016-03-23'),
(439, '23', '2016-03-24'),
(440, '23', '2016-03-31'),
(441, '23', '2016-03-30'),
(442, '24', '2016-03-01'),
(443, '24', '2016-03-02'),
(444, '24', '2016-03-03'),
(445, '24', '2016-03-07'),
(446, '24', '2016-03-08'),
(447, '24', '2016-03-09'),
(448, '24', '2016-03-10'),
(449, '24', '2016-03-17'),
(450, '24', '2016-03-16'),
(451, '24', '2016-03-15'),
(452, '24', '2016-03-14'),
(453, '24', '2016-03-24'),
(454, '24', '2016-03-31'),
(455, '24', '2016-03-23'),
(456, '24', '2016-03-30'),
(457, '24', '2016-03-29'),
(458, '24', '2016-03-28'),
(459, '24', '2016-03-21'),
(460, '24', '2016-03-22'),
(461, '25', '2016-03-03'),
(462, '25', '2016-03-04'),
(463, '25', '2016-03-07'),
(464, '25', '2016-03-10'),
(465, '25', '2016-03-11'),
(466, '25', '2016-03-05'),
(467, '25', '2016-03-14'),
(468, '25', '2016-03-17'),
(469, '25', '2016-03-18'),
(470, '25', '2016-03-19'),
(471, '25', '2016-03-21'),
(472, '25', '2016-03-24'),
(474, '25', '2016-03-28'),
(475, '25', '2016-03-31'),
(476, '24', '2016-03-19'),
(477, '26', '2016-03-07'),
(478, '26', '2016-03-08'),
(480, '26', '2016-03-14'),
(481, '26', '2016-03-15'),
(482, '26', '2016-03-16'),
(484, '26', '2016-03-20'),
(486, '26', '2016-03-23'),
(487, '26', '2016-03-30'),
(488, '26', '2016-03-29'),
(489, '27', '2016-03-01'),
(490, '27', '2016-03-03'),
(491, '27', '2016-03-04'),
(492, '27', '2016-03-08'),
(493, '27', '2016-03-10'),
(494, '27', '2016-03-11'),
(495, '27', '2016-03-15'),
(496, '27', '2016-03-17'),
(497, '27', '2016-03-18'),
(499, '27', '2016-03-31'),
(502, '27', '2016-03-29'),
(508, '30', '2016-03-03'),
(509, '30', '2016-03-04'),
(510, '30', '2016-03-05'),
(511, '30', '2016-03-09'),
(512, '30', '2016-03-10'),
(513, '30', '2016-03-12'),
(514, '30', '2016-03-17'),
(515, '30', '2016-03-18'),
(516, '30', '2016-03-19'),
(517, '30', '2016-03-23'),
(518, '30', '2016-03-24'),
(519, '30', '2016-03-26'),
(520, '30', '2016-03-31'),
(521, '28', '2016-03-03'),
(522, '28', '2016-03-10'),
(523, '28', '2016-03-17'),
(525, '28', '2016-03-31'),
(526, '29', '2016-03-02'),
(527, '29', '2016-03-09'),
(528, '29', '2016-03-16'),
(529, '29', '2016-03-23'),
(530, '29', '2016-03-30'),
(531, '31', '2016-03-01'),
(532, '31', '2016-03-02'),
(533, '31', '2016-03-03'),
(534, '31', '2016-03-04'),
(535, '31', '2016-03-06'),
(536, '31', '2016-03-07'),
(537, '31', '2016-03-08'),
(538, '31', '2016-03-09'),
(539, '31', '2016-03-10'),
(540, '31', '2016-03-11'),
(541, '31', '2016-03-14'),
(542, '31', '2016-03-13'),
(543, '31', '2016-03-15'),
(544, '31', '2016-03-16'),
(545, '31', '2016-03-17'),
(546, '31', '2016-03-18'),
(547, '31', '2016-03-21'),
(548, '31', '2016-03-22'),
(549, '31', '2016-03-23'),
(550, '31', '2016-03-24'),
(553, '31', '2016-03-29'),
(554, '31', '2016-03-30'),
(555, '31', '2016-03-31'),
(556, '32', '2016-03-01'),
(557, '32', '2016-03-02'),
(558, '32', '2016-03-04'),
(559, '32', '2016-03-07'),
(560, '32', '2016-03-08'),
(561, '32', '2016-03-09'),
(562, '32', '2016-03-11'),
(563, '32', '2016-03-14'),
(564, '32', '2016-03-15'),
(565, '32', '2016-03-16'),
(566, '32', '2016-03-18'),
(567, '32', '2016-03-21'),
(568, '32', '2016-03-22'),
(569, '32', '2016-03-23'),
(570, '32', '2016-03-29'),
(571, '32', '2016-03-30'),
(572, '33', '2016-03-01'),
(573, '33', '2016-03-02'),
(574, '33', '2016-03-03'),
(575, '33', '2016-03-07'),
(576, '33', '2016-03-08'),
(577, '33', '2016-03-09'),
(578, '33', '2016-03-10'),
(579, '33', '2016-03-17'),
(581, '33', '2016-03-15'),
(582, '33', '2016-03-14'),
(583, '33', '2016-03-21'),
(584, '33', '2016-03-22'),
(585, '33', '2016-03-16'),
(586, '33', '2016-03-23'),
(587, '33', '2016-03-24'),
(588, '33', '2016-03-31'),
(589, '33', '2016-03-30'),
(590, '33', '2016-03-29'),
(591, '34', '2016-03-04'),
(592, '34', '2016-03-07'),
(593, '34', '2016-03-11'),
(594, '34', '2016-03-14'),
(595, '34', '2016-03-18'),
(596, '34', '2016-03-21'),
(604, '19', '2016-04-01'),
(606, '19', '2016-04-05'),
(607, '19', '2016-04-06'),
(608, '19', '2016-04-07'),
(609, '19', '2016-04-08'),
(610, '20', '2016-04-01'),
(611, '20', '2016-04-05'),
(612, '20', '2016-04-06'),
(613, '20', '2016-04-08'),
(614, '21', '2016-04-01'),
(619, '22', '2016-04-01'),
(621, '25', '2016-04-01'),
(622, '31', '2016-04-01'),
(623, '32', '2016-04-01'),
(624, '27', '2016-04-01'),
(625, '30', '2016-04-01'),
(626, '25', '2016-04-02'),
(627, '26', '2016-04-03'),
(628, '21', '2016-04-04'),
(629, '21', '2016-04-05'),
(631, '21', '2016-04-07'),
(632, '21', '2016-04-08'),
(633, '21', '2016-04-11'),
(634, '21', '2016-04-12'),
(638, '22', '2016-04-04'),
(639, '22', '2016-04-05'),
(640, '22', '2016-04-06'),
(641, '22', '2016-04-07'),
(642, '22', '2016-04-08'),
(643, '22', '2016-04-11'),
(644, '22', '2016-04-12'),
(645, '22', '2016-04-13'),
(646, '22', '2016-04-14'),
(647, '22', '2016-04-15'),
(648, '23', '2016-04-04'),
(649, '23', '2016-04-11'),
(650, '23', '2016-04-12'),
(651, '23', '2016-04-05'),
(652, '23', '2016-04-06'),
(653, '23', '2016-04-07'),
(654, '23', '2016-04-14'),
(655, '23', '2016-04-13'),
(656, '24', '2016-04-04'),
(657, '24', '2016-04-05'),
(658, '24', '2016-04-06'),
(659, '24', '2016-04-07'),
(660, '24', '2016-04-14'),
(661, '24', '2016-04-13'),
(662, '24', '2016-04-12'),
(663, '24', '2016-04-11'),
(664, '25', '2016-04-04'),
(665, '25', '2016-04-11'),
(666, '25', '2016-04-18'),
(667, '25', '2016-04-25'),
(668, '25', '2016-04-07'),
(669, '25', '2016-04-14'),
(670, '25', '2016-04-21'),
(671, '25', '2016-04-28'),
(672, '25', '2016-04-29'),
(673, '25', '2016-04-22'),
(674, '25', '2016-04-15'),
(675, '25', '2016-04-08'),
(676, '26', '2016-04-05'),
(677, '26', '2016-04-06'),
(678, '26', '2016-04-04'),
(679, '31', '2016-04-04'),
(680, '31', '2016-04-11'),
(681, '31', '2016-04-18'),
(682, '31', '2016-04-25'),
(683, '31', '2016-04-26'),
(684, '31', '2016-04-19'),
(685, '31', '2016-04-12'),
(686, '31', '2016-04-05'),
(687, '31', '2016-04-06'),
(688, '31', '2016-04-13'),
(689, '31', '2016-04-20'),
(690, '31', '2016-04-27'),
(691, '31', '2016-04-28'),
(692, '31', '2016-04-14'),
(693, '31', '2016-04-07'),
(694, '31', '2016-04-21'),
(695, '31', '2016-04-29'),
(696, '31', '2016-04-22'),
(697, '31', '2016-04-15'),
(698, '31', '2016-04-08'),
(699, '32', '2016-04-04'),
(700, '32', '2016-04-05'),
(701, '32', '2016-04-06'),
(702, '32', '2016-04-08'),
(703, '33', '2016-04-04'),
(704, '33', '2016-04-05'),
(706, '33', '2016-04-07'),
(707, '33', '2016-04-08'),
(708, '34', '2016-04-04'),
(709, '34', '2016-04-08'),
(710, '29', '2016-04-06'),
(711, '30', '2016-04-06'),
(712, '28', '2016-04-07'),
(713, '27', '2016-04-07'),
(714, '30', '2016-04-07'),
(715, '26', '2016-04-11'),
(716, '32', '2016-04-11'),
(717, '34', '2016-04-11'),
(718, '20', '2016-04-12'),
(719, '26', '2016-04-12'),
(720, '26', '2016-04-13'),
(721, '32', '2016-04-12'),
(722, '32', '2016-04-13'),
(723, '32', '2016-04-15'),
(724, '33', '2016-04-12'),
(725, '33', '2016-04-13'),
(726, '33', '2016-04-14'),
(727, '27', '2016-04-12'),
(728, '29', '2016-04-13'),
(729, '20', '2016-04-13'),
(730, '20', '2016-04-15'),
(731, '27', '2016-04-14'),
(732, '27', '2016-04-21'),
(733, '27', '2016-04-28'),
(734, '27', '2016-04-08'),
(735, '27', '2016-04-15'),
(736, '27', '2016-04-22'),
(737, '27', '2016-04-29'),
(738, '27', '2016-04-19'),
(739, '27', '2016-04-26'),
(740, '30', '2016-04-14'),
(741, '30', '2016-04-21'),
(742, '30', '2016-04-28'),
(743, '30', '2016-04-20'),
(745, '30', '2016-04-16'),
(746, '30', '2016-04-23'),
(747, '30', '2016-04-30'),
(748, '29', '2016-04-20'),
(749, '29', '2016-04-27'),
(750, '28', '2016-04-14'),
(751, '28', '2016-04-21'),
(752, '28', '2016-04-28'),
(753, '34', '2016-04-15'),
(754, '19', '2016-04-18'),
(755, '19', '2016-04-19'),
(756, '19', '2016-04-20'),
(757, '19', '2016-04-21'),
(758, '19', '2016-04-22'),
(759, '21', '2016-04-18'),
(760, '21', '2016-04-19'),
(761, '21', '2016-04-20'),
(762, '21', '2016-04-21'),
(763, '21', '2016-04-22'),
(764, '20', '2016-04-19'),
(765, '20', '2016-04-20'),
(766, '20', '2016-04-22'),
(767, '20', '2016-04-26'),
(768, '20', '2016-04-27'),
(769, '20', '2016-04-29'),
(770, '21', '2016-04-23'),
(771, '22', '2016-04-18'),
(772, '22', '2016-04-19'),
(773, '22', '2016-04-20'),
(774, '22', '2016-04-21'),
(775, '22', '2016-04-22'),
(776, '23', '2016-04-18'),
(777, '23', '2016-04-19'),
(778, '23', '2016-04-20'),
(779, '23', '2016-04-21'),
(780, '24', '2016-04-18'),
(781, '24', '2016-04-19'),
(782, '24', '2016-04-20'),
(783, '24', '2016-04-21'),
(784, '24', '2016-04-30'),
(785, '25', '2016-04-16'),
(786, '25', '2016-04-30'),
(787, '26', '2016-04-17'),
(789, '26', '2016-04-24'),
(790, '26', '2016-04-18'),
(791, '26', '2016-04-19'),
(792, '26', '2016-04-20'),
(793, '32', '2016-04-18'),
(794, '32', '2016-04-19'),
(795, '32', '2016-04-20'),
(796, '32', '2016-04-22'),
(797, '33', '2016-04-19'),
(798, '33', '2016-04-20'),
(799, '33', '2016-04-21'),
(800, '33', '2016-04-28'),
(801, '33', '2016-04-27'),
(802, '33', '2016-04-26'),
(803, '19', '2016-04-26'),
(804, '19', '2016-04-27'),
(805, '19', '2016-04-28'),
(807, '21', '2016-04-26'),
(808, '21', '2016-04-27'),
(809, '21', '2016-04-28'),
(810, '21', '2016-04-29'),
(811, '22', '2016-04-26'),
(812, '22', '2016-04-27'),
(813, '22', '2016-04-28'),
(814, '22', '2016-04-29'),
(815, '23', '2016-04-26'),
(816, '23', '2016-04-27'),
(817, '23', '2016-04-28'),
(818, '24', '2016-04-26'),
(819, '24', '2016-04-27'),
(820, '24', '2016-04-28'),
(821, '26', '2016-04-26'),
(822, '26', '2016-04-27'),
(823, '32', '2016-04-26'),
(824, '32', '2016-04-27'),
(825, '32', '2016-04-29'),
(826, '30', '2016-04-29'),
(827, '34', '2016-04-29'),
(828, '19', '2016-05-02'),
(829, '19', '2016-05-02'),
(830, '19', '2016-05-03'),
(831, '19', '2016-05-04'),
(832, '19', '2016-05-05'),
(833, '19', '2016-05-06'),
(834, '21', '2016-05-02'),
(835, '21', '2016-05-03'),
(837, '21', '2016-05-05'),
(838, '21', '2016-05-06'),
(839, '22', '2016-05-02'),
(840, '22', '2016-05-03'),
(841, '22', '2016-05-04'),
(842, '22', '2016-05-05'),
(843, '22', '2016-05-06'),
(844, '23', '2016-05-02'),
(845, '23', '2016-05-03'),
(846, '23', '2016-05-04'),
(847, '23', '2016-05-05'),
(848, '24', '2016-05-02'),
(849, '24', '2016-05-03'),
(850, '24', '2016-05-04'),
(851, '24', '2016-05-05'),
(852, '26', '2016-05-02'),
(853, '26', '2016-05-03'),
(855, '31', '2016-05-02'),
(856, '31', '2016-05-03'),
(857, '31', '2016-05-04'),
(858, '31', '2016-05-05'),
(859, '31', '2016-05-06'),
(860, '32', '2016-05-02'),
(861, '32', '2016-05-03'),
(862, '32', '2016-05-04'),
(863, '32', '2016-05-06'),
(864, '33', '2016-05-03'),
(866, '33', '2016-05-05'),
(867, '34', '2016-05-02'),
(868, '34', '2016-05-06'),
(869, '27', '2016-05-03'),
(870, '27', '2016-05-05'),
(871, '27', '2016-05-06'),
(872, '28', '2016-05-05'),
(873, '29', '2016-05-04'),
(874, '30', '2016-05-04'),
(875, '30', '2016-05-05'),
(876, '30', '2016-05-06'),
(877, '25', '2016-05-02'),
(878, '25', '2016-05-05'),
(879, '25', '2016-05-06'),
(880, '20', '2016-05-03'),
(881, '20', '2016-05-04'),
(882, '20', '2016-05-06'),
(883, '20', '2016-05-10'),
(884, '20', '2016-05-17'),
(885, '20', '2016-05-24'),
(886, '20', '2016-05-31'),
(887, '20', '2016-05-11'),
(888, '20', '2016-05-18'),
(889, '20', '2016-05-25'),
(890, '20', '2016-05-13'),
(891, '20', '2016-05-20'),
(892, '20', '2016-05-27'),
(893, '19', '2016-05-09'),
(894, '19', '2016-05-10'),
(895, '19', '2016-05-11'),
(896, '19', '2016-05-12'),
(897, '19', '2016-05-13'),
(898, '19', '2016-05-20'),
(899, '19', '2016-05-27'),
(900, '19', '2016-05-26'),
(901, '19', '2016-05-19'),
(902, '19', '2016-05-18'),
(903, '19', '2016-05-25'),
(904, '19', '2016-05-17'),
(905, '19', '2016-05-24'),
(906, '19', '2016-05-23'),
(907, '19', '2016-05-16'),
(908, '19', '2016-05-30'),
(909, '19', '2016-05-31'),
(910, '21', '2016-05-09'),
(911, '21', '2016-05-10'),
(912, '21', '2016-05-11'),
(913, '21', '2016-05-12'),
(914, '21', '2016-05-13'),
(915, '21', '2016-05-20'),
(916, '21', '2016-05-27'),
(917, '21', '2016-05-26'),
(918, '21', '2016-05-25'),
(919, '21', '2016-05-24'),
(920, '21', '2016-05-23'),
(921, '21', '2016-05-30'),
(922, '21', '2016-05-31'),
(923, '21', '2016-05-16'),
(924, '21', '2016-05-17'),
(925, '21', '2016-05-19'),
(926, '21', '2016-05-07'),
(927, '21', '2016-05-21'),
(928, '22', '2016-05-09'),
(929, '22', '2016-05-10'),
(930, '22', '2016-05-11'),
(931, '22', '2016-05-12'),
(932, '22', '2016-05-13'),
(933, '22', '2016-05-20'),
(934, '22', '2016-05-27'),
(935, '22', '2016-05-26'),
(936, '22', '2016-05-19'),
(937, '22', '2016-05-18'),
(938, '22', '2016-05-25'),
(939, '22', '2016-05-24'),
(940, '22', '2016-05-17'),
(941, '22', '2016-05-16'),
(942, '22', '2016-05-23'),
(943, '22', '2016-05-31'),
(944, '22', '2016-05-30'),
(945, '23', '2016-05-09'),
(946, '23', '2016-05-10'),
(947, '23', '2016-05-11'),
(948, '23', '2016-05-12'),
(949, '23', '2016-05-16'),
(950, '23', '2016-05-17'),
(951, '23', '2016-05-18'),
(952, '23', '2016-05-19'),
(953, '23', '2016-05-26'),
(954, '23', '2016-05-25'),
(955, '23', '2016-05-24'),
(956, '23', '2016-05-23'),
(957, '23', '2016-05-30'),
(958, '23', '2016-05-31'),
(959, '23', '2016-05-14'),
(960, '23', '2016-05-22'),
(961, '24', '2016-05-09'),
(962, '24', '2016-05-10'),
(963, '24', '2016-05-11'),
(964, '24', '2016-05-12'),
(965, '24', '2016-05-19'),
(966, '24', '2016-05-26'),
(967, '24', '2016-05-25'),
(968, '24', '2016-05-18'),
(969, '24', '2016-05-17'),
(970, '24', '2016-05-24'),
(971, '24', '2016-05-23'),
(972, '24', '2016-05-16'),
(973, '24', '2016-05-30'),
(974, '24', '2016-05-31'),
(975, '24', '2016-05-28'),
(976, '25', '2016-05-09'),
(977, '25', '2016-05-16'),
(979, '25', '2016-05-19'),
(980, '25', '2016-05-12'),
(981, '25', '2016-05-13'),
(982, '25', '2016-05-20'),
(983, '25', '2016-05-14'),
(984, '25', '2016-05-28'),
(985, '25', '2016-05-27'),
(986, '25', '2016-05-26'),
(987, '25', '2016-05-23'),
(988, '25', '2016-05-30'),
(989, '26', '2016-05-09'),
(990, '26', '2016-05-10'),
(992, '26', '2016-05-16'),
(993, '26', '2016-05-17'),
(996, '26', '2016-05-24'),
(997, '26', '2016-05-23'),
(998, '26', '2016-05-30'),
(999, '26', '2016-05-31'),
(1000, '26', '2016-05-01'),
(1001, '26', '2016-05-08'),
(1002, '26', '2016-05-15'),
(1003, '26', '2016-05-22'),
(1004, '26', '2016-05-29'),
(1005, '27', '2016-05-10'),
(1006, '27', '2016-05-17'),
(1007, '27', '2016-05-24'),
(1008, '27', '2016-05-31'),
(1009, '27', '2016-05-12'),
(1010, '27', '2016-05-19'),
(1011, '27', '2016-05-26'),
(1012, '27', '2016-05-13'),
(1013, '27', '2016-05-20'),
(1014, '27', '2016-05-27'),
(1015, '28', '2016-05-12'),
(1016, '28', '2016-05-19'),
(1017, '28', '2016-05-26'),
(1018, '29', '2016-05-11'),
(1019, '29', '2016-05-18'),
(1020, '29', '2016-05-25'),
(1023, '30', '2016-05-12'),
(1024, '30', '2016-05-13'),
(1025, '30', '2016-05-14'),
(1027, '30', '2016-05-19'),
(1028, '30', '2016-05-20'),
(1029, '30', '2016-05-21'),
(1030, '30', '2016-05-26'),
(1031, '30', '2016-05-27'),
(1032, '30', '2016-05-28'),
(1033, '31', '2016-05-09'),
(1034, '31', '2016-05-16'),
(1035, '31', '2016-05-23'),
(1036, '31', '2016-05-30'),
(1037, '31', '2016-05-31'),
(1038, '31', '2016-05-24'),
(1039, '31', '2016-05-17'),
(1040, '31', '2016-05-10'),
(1041, '31', '2016-05-11'),
(1042, '31', '2016-05-18'),
(1043, '31', '2016-05-25'),
(1044, '31', '2016-05-26'),
(1045, '31', '2016-05-19'),
(1046, '31', '2016-05-12'),
(1047, '31', '2016-05-13'),
(1048, '31', '2016-05-20'),
(1049, '31', '2016-05-27'),
(1050, '32', '2016-05-09'),
(1051, '32', '2016-05-10'),
(1052, '32', '2016-05-11'),
(1053, '32', '2016-05-13'),
(1054, '32', '2016-05-20'),
(1055, '32', '2016-05-27'),
(1056, '32', '2016-05-25'),
(1057, '32', '2016-05-18'),
(1058, '32', '2016-05-17'),
(1059, '32', '2016-05-24'),
(1060, '32', '2016-05-31'),
(1061, '32', '2016-05-30'),
(1062, '32', '2016-05-23'),
(1063, '32', '2016-05-16'),
(1064, '33', '2016-05-10'),
(1066, '33', '2016-05-12'),
(1067, '33', '2016-05-19'),
(1069, '33', '2016-05-17'),
(1070, '33', '2016-05-24'),
(1072, '33', '2016-05-26'),
(1073, '33', '2016-05-31'),
(1074, '34', '2016-05-09'),
(1075, '34', '2016-05-16'),
(1076, '34', '2016-05-23'),
(1077, '34', '2016-05-30'),
(1078, '34', '2016-05-13'),
(1079, '34', '2016-05-20'),
(1080, '34', '2016-05-27'),
(1081, '33', '2016-05-04'),
(1082, '2', '2016-05-20'),
(1083, '2', '2016-05-21'),
(1084, '2', '2016-05-22'),
(1085, '11', '2016-05-20'),
(1086, '11', '2016-05-28'),
(1087, '11', '2016-05-27'),
(1088, '10', '2016-05-19'),
(1089, '2', '2016-05-19'),
(1090, '3', '2016-05-19');

-- --------------------------------------------------------

--
-- Table structure for table `slide`
--

CREATE TABLE IF NOT EXISTS `slide` (
  `id` int(11) unsigned NOT NULL,
  `id_practice` int(11) DEFAULT NULL,
  `image_logo` varchar(191) COLLATE utf8mb4_unicode_ci DEFAULT NULL,
  `position` int(11) DEFAULT NULL,
  `modified` datetime DEFAULT NULL,
  `description` varchar(5000) COLLATE utf8mb4_unicode_ci DEFAULT NULL
) ENGINE=InnoDB AUTO_INCREMENT=31 DEFAULT CHARSET=utf8mb4 COLLATE=utf8mb4_unicode_ci;

--
-- Dumping data for table `slide`
--

INSERT INTO `slide` (`id`, `id_practice`, `image_logo`, `position`, `modified`, `description`) VALUES
(6, 6, 'Dubai Digital Signage.jpg', NULL, '2015-07-21 12:19:29', NULL),
(7, 6, 'HDMI Video Extenders CAT5E.jpg', NULL, '2015-07-21 12:19:39', NULL),
(8, 3, '55ae519edde07img_checkup.png', NULL, '2015-07-22 00:05:18', NULL),
(9, 3, '55ae51c486e0aimg_pregnant.png', NULL, '2015-07-22 00:05:56', NULL),
(11, 2, '5667716b1a68dimg_checkup-762x680.png', NULL, '2015-12-09 11:19:31', '<p>\r\n	Remember to get your check up</p>\r\n'),
(13, 2, '564da13824688img_pregnant.png', NULL, '2015-12-09 11:21:35', '<p>\r\n	Listen and see your baby with our new 4D ultrasound system</p>\r\n'),
(21, 7, '56c16b8dc8756Online Bookings Available - Just bg.png', 2, '2016-03-02 23:11:47', '<p>\r\n	&nbsp;</p>\r\n<p>\r\n	<img alt="" src="/portal/admin/kcfinder/files/files/Online-Bookings-Available---trans-bg.png" style="width: 770px; height: 708px;" /></p>\r\n'),
(22, 8, '56b045f3ef2d5img_checkup2.png', NULL, '2016-03-05 09:24:50', '<p style="margin-left: 40px;">\r\n	&nbsp;</p>\r\n<p style="margin-left: 40px;">\r\n	<strong>Welcome to Broadway General Practice</strong></p>\r\n<p style="margin-left: 40px;">\r\n	&nbsp;</p>\r\n<p class="p1" style="margin-left: 40px;">\r\n	<span class="s1">A Medical Centre located in the inner Sydney suburb of Glebe.&nbsp;</span></p>\r\n<p class="p1" style="margin-left: 40px;">\r\n	&nbsp;</p>\r\n<p class="p1" style="margin-left: 40px;">\r\n	<span class="s1">Our practice is dedicated to providing you and your family w'),
(23, 8, '56c165a457229Online Bookings Available - Just bg.png', NULL, '2016-02-15 16:59:39', '<p>\r\n	<img alt="" src="/portal/admin/kcfinder/files/files/Online-Bookings-Available---trans-bg.png" style="width: 770px; height: 708px;" /></p>\r\n'),
(24, 8, '', NULL, '2016-02-15 17:05:32', '<p>\r\n	<img alt="" src="/portal/admin/kcfinder/files/files/Online Bookings Available.png" style="width: 770px; height: 708px;" /></p>\r\n'),
(26, 8, '56c16ee997f1aOnline Bookings Available.png', NULL, '2016-02-15 17:23:37', ''),
(28, 7, '', NULL, '2016-03-03 10:00:55', '<p>\r\n	<img alt="" src="/portal/admin/kcfinder/files/files/BWGP_Screen Images - Travel - 03.16.png" style="width: 770px; height: 708px;" /></p>\r\n'),
(29, 7, '56da08f2555b6img_checkup-762x680.png', NULL, '2016-03-05 09:31:24', '<p style="margin-left: 40px;">\r\n	&nbsp;</p>\r\n<p style="margin-left: 40px;">\r\n	<strong>Welcome to Broadway General Practice</strong></p>\r\n<p style="margin-left: 40px;">\r\n	&nbsp;</p>\r\n<p class="p1" style="margin-left: 40px;">\r\n	<span class="s1">A Medical Centre located in the inner Sydney suburb of Glebe.&nbsp;</span></p>\r\n<p class="p1" style="margin-left: 40px;">\r\n	&nbsp;</p>\r\n<p class="p1" style="margin-left: 40px;">\r\n	<span class="s1">Our practice is dedicated to providing you and your family with personalised, professional, quality healthcare across a wide range of medical and support services. </span></p>\r\n'),
(30, 2, '', NULL, '2016-05-19 13:44:47', '<p>\r\n	<iframe height="400" src="http://socialwall.com.au/social-feed/82aedaf885b3142a8c31fdae0f6068a2" width="600" scrolling="no"></iframe></p>\r\n');

-- --------------------------------------------------------

--
-- Table structure for table `status`
--

CREATE TABLE IF NOT EXISTS `status` (
  `id` int(11) unsigned NOT NULL,
  `id_practice` int(11) DEFAULT NULL,
  `modified` datetime DEFAULT NULL
) ENGINE=InnoDB AUTO_INCREMENT=14 DEFAULT CHARSET=utf8mb4 COLLATE=utf8mb4_unicode_ci;

--
-- Dumping data for table `status`
--

INSERT INTO `status` (`id`, `id_practice`, `modified`) VALUES
(3, 3, '2016-05-19 18:26:03'),
(4, 8, '2016-03-05 09:24:50'),
(5, 7, '2016-05-18 10:06:37'),
(6, 10, '2016-02-04 12:18:48'),
(7, 12, '2016-02-04 12:18:52'),
(8, 9, '2016-02-04 12:18:57'),
(9, 11, '2016-02-04 12:19:03'),
(10, 14, '2016-02-15 12:59:44'),
(11, 13, '2016-02-15 12:59:48'),
(12, 2, '2016-05-19 13:44:47'),
(13, 6, '2016-05-18 20:01:31');

-- --------------------------------------------------------

--
-- Table structure for table `user`
--

CREATE TABLE IF NOT EXISTS `user` (
  `id` int(11) unsigned NOT NULL,
  `email` varchar(191) COLLATE utf8mb4_unicode_ci NOT NULL,
  `password` varchar(191) COLLATE utf8mb4_unicode_ci NOT NULL,
  `name` varchar(191) COLLATE utf8mb4_unicode_ci DEFAULT NULL,
  `address` varchar(500) COLLATE utf8mb4_unicode_ci DEFAULT NULL,
  `title` varchar(191) COLLATE utf8mb4_unicode_ci DEFAULT NULL,
  `image_logo` varchar(191) COLLATE utf8mb4_unicode_ci DEFAULT NULL,
  `acc_type` varchar(191) COLLATE utf8mb4_unicode_ci NOT NULL,
  `template_id` int(11) DEFAULT NULL,
  `footer` varchar(500) COLLATE utf8mb4_unicode_ci DEFAULT NULL
) ENGINE=InnoDB AUTO_INCREMENT=9 DEFAULT CHARSET=utf8mb4 COLLATE=utf8mb4_unicode_ci;

--
-- Dumping data for table `user`
--

INSERT INTO `user` (`id`, `email`, `password`, `name`, `address`, `title`, `image_logo`, `acc_type`, `template_id`, `footer`) VALUES
(1, 'info@advertiseme.tv', 'a0d4a73120c66e7ca72757e01942e96c', NULL, NULL, NULL, NULL, '1', NULL, NULL),
(2, 'practice1@gmail.com', 'a0d4a73120c66e7ca72757e01942e96c', 'City Medical', 'Sydney NSW Australia 2000', 'Welcome to City Medical Centre', '573d13d8e1baeAM-tv-black-Logo.png', '2', 2, 'Welcome to the Advertise Me Medical Centre.'),
(3, 'practice3@gmail.com', '482c811da5d5b4bc6d497ffa98491e38', 'Practice 3', 'title3', 'Welcome to Sydney West Centre', '55ae513ebd382AM-mobi.png', '2', 1, ''),
(6, 'mm@gmail.com', 'password', 'AM', '12 high st, Sydney', 'Welcome to AM Medical Centre', 'AM-mobi.png', '2', NULL, NULL),
(7, 'Aviral.Agnihotri@healthscope.com.au', '562acbb3a1eefc0a1596e807b35b0b61', 'General Practice', 'Sydney', '', '56a61514650f9logo-broadway-general-practice.png', '2', 2, 'BOOSTRIX and FLU vaccines available.'),
(8, 'giovanni.tran@advertiseme.com.au', '482c811da5d5b4bc6d497ffa98491e38', 'Gios Test Practice', '', '', '', '2', 2, 'Hello again');

--
-- Indexes for dumped tables
--

--
-- Indexes for table `doctor`
--
ALTER TABLE `doctor`
  ADD PRIMARY KEY (`id`);

--
-- Indexes for table `roster`
--
ALTER TABLE `roster`
  ADD PRIMARY KEY (`id`);

--
-- Indexes for table `slide`
--
ALTER TABLE `slide`
  ADD PRIMARY KEY (`id`);

--
-- Indexes for table `status`
--
ALTER TABLE `status`
  ADD PRIMARY KEY (`id`);

--
-- Indexes for table `user`
--
ALTER TABLE `user`
  ADD PRIMARY KEY (`id`);

--
-- AUTO_INCREMENT for dumped tables
--

--
-- AUTO_INCREMENT for table `doctor`
--
ALTER TABLE `doctor`
  MODIFY `id` int(11) unsigned NOT NULL AUTO_INCREMENT,AUTO_INCREMENT=51;
--
-- AUTO_INCREMENT for table `roster`
--
ALTER TABLE `roster`
  MODIFY `id` int(11) unsigned NOT NULL AUTO_INCREMENT,AUTO_INCREMENT=1091;
--
-- AUTO_INCREMENT for table `slide`
--
ALTER TABLE `slide`
  MODIFY `id` int(11) unsigned NOT NULL AUTO_INCREMENT,AUTO_INCREMENT=31;
--
-- AUTO_INCREMENT for table `status`
--
ALTER TABLE `status`
  MODIFY `id` int(11) unsigned NOT NULL AUTO_INCREMENT,AUTO_INCREMENT=14;
--
-- AUTO_INCREMENT for table `user`
--
ALTER TABLE `user`
  MODIFY `id` int(11) unsigned NOT NULL AUTO_INCREMENT,AUTO_INCREMENT=9;
/*!40101 SET CHARACTER_SET_CLIENT=@OLD_CHARACTER_SET_CLIENT */;
/*!40101 SET CHARACTER_SET_RESULTS=@OLD_CHARACTER_SET_RESULTS */;
/*!40101 SET COLLATION_CONNECTION=@OLD_COLLATION_CONNECTION */;
